{"sections":[{"id":1476,"createTime":1396584106000,"isDefault":true,"updateTime":1396584106000,"name":"封面","delete":false,"seq":0,"issueStructId":399,"isParent":true,"children":[{"id":3978,"isDefault":true,"name":"封面","seq":0,"isArticle":true}],"type":1},{"id":1477,"createTime":1396584106000,"isDefault":true,"updateTime":1396584106000,"name":"操作说明","delete":false,"seq":1,"issueStructId":399,"isParent":true,"children":[{"id":3979,"isDefault":true,"name":"操作说明","seq":0,"isArticle":true},{"id":4068,"name":"版权信息页","seq":1,"isArticle":true}],"type":2},{"id":1478,"createTime":1396584106000,"isDefault":true,"updateTime":1396584106000,"name":"目录","delete":false,"seq":2,"issueStructId":399,"isParent":true,"children":[{"id":3980,"isDefault":true,"name":"目录","seq":0,"isArticle":true},{"id":4103,"name":"女性的自我修养","seq":1,"isArticle":true}],"type":3},{"id":1512,"createTime":1397178297000,"updateTime":1397178297000,"name":"趋势","delete":false,"seq":3,"issueStructId":399,"isParent":true,"children":[{"id":4115,"name":"趋势引导页","seq":0,"isArticle":true},{"id":4022,"name":"浪漫魅惑","seq":2,"isArticle":true},{"id":4024,"name":"新品趋势","seq":5,"isArticle":true},{"id":4070,"name":"家电数码","seq":6,"isArticle":true},{"id":4100,"name":"为她而设","seq":7,"isArticle":true},{"id":4026,"name":"奇葩儿子郭家铭的碧海蓝天","seq":10,"isArticle":true},{"id":4091,"name":"每月优品","seq":11,"isArticle":true},{"id":4063,"name":"花容月貌","seq":12,"isArticle":true},{"id":4161,"name":"节水马拉松 共建美丽中国","seq":13,"isArticle":true}],"type":4},{"id":1506,"createTime":1397094655000,"updateTime":1397094655000,"name":"家以群分","delete":false,"seq":5,"issueStructId":399,"isParent":true,"children":[{"id":4116,"name":"家以群分引导页","seq":0,"isArticle":true},{"id":4072,"name":"玩味新浪潮","seq":1,"isArticle":true},{"id":4079,"name":"6000美元建一座房子","seq":4,"isArticle":true},{"id":4080,"name":"轻北美","seq":6,"isArticle":true},{"id":4098,"name":"缤纷美学","seq":7,"isArticle":true},{"id":4101,"name":"主厨的花园","seq":8,"isArticle":true},{"id":4023,"name":"游离于众生的一叶孤舟","seq":13,"isArticle":true},{"id":4014,"name":"正能量美","seq":14,"isArticle":true},{"id":4066,"name":"家居大找茬","seq":15,"isArticle":true},{"id":4228,"name":"寻找韩剧中的咖啡关系","seq":16,"isArticle":true}],"type":4},{"id":1480,"createTime":1396584978000,"updateTime":1396584978000,"name":"封面故事","delete":false,"seq":6,"issueStructId":399,"isParent":true,"children":[{"id":4117,"name":"封面故事引导页","seq":1,"isArticle":true},{"id":4092,"name":"卫浴美体篇：张瑶 香薰美体在这里","seq":2,"isArticle":true},{"id":4093,"name":"卫浴美妆篇：游丝棋 15分钟完成OL妆","seq":4,"isArticle":true},{"id":4094,"name":"卫浴功能篇：陈暄 不止是卫浴","seq":5,"isArticle":true},{"id":4095,"name":"卫浴设计篇：林岚 为休憩心灵而设计","seq":6,"isArticle":true},{"id":3991,"name":"保卫洁浴","seq":9,"isArticle":true},{"id":4075,"name":"提高修养 从混迹各大最佳地标开始","seq":10,"isArticle":true},{"id":3982,"name":"时间不要让爸爸变老","seq":11,"isArticle":true},{"id":4097,"name":"海福乐五金 办公室逃脱","seq":12,"isArticle":true}],"type":4},{"id":1495,"createTime":1396948460000,"updateTime":1396948460000,"name":"风格搭配","delete":false,"seq":7,"issueStructId":399,"isParent":true,"children":[{"id":4118,"name":"风格搭配引导页","seq":1,"isArticle":true},{"id":4067,"name":"女孩的精怪故事","seq":2,"isArticle":true},{"id":4071,"name":"轻吻魅惑紫","seq":3,"isArticle":true},{"id":4001,"name":"新时代才女6艺","seq":5,"isArticle":true},{"id":4013,"name":"兰心竹韵","seq":9,"isArticle":true},{"id":4065,"name":"原木生活","seq":10,"isArticle":true},{"id":4012,"name":"那些抽屉里的小秘密","seq":11,"isArticle":true},{"id":4027,"name":"从花园到餐桌","seq":12,"isArticle":true},{"id":4035,"name":"水泥盒子里的禅意卫浴","seq":13,"isArticle":true},{"id":4099,"name":"小尼古拉","seq":16,"isArticle":true},{"id":4073,"name":"乐家 纽瑞一体式智能座厕","seq":17,"isArticle":true},{"id":4074,"name":"如何实现全环保装修","seq":18,"isArticle":true}],"type":4},{"id":1505,"createTime":1397016674000,"updateTime":1397016674000,"name":"设计","delete":false,"seq":8,"issueStructId":399,"isParent":true,"children":[{"id":4119,"name":"设计引导页","seq":0,"isArticle":true},{"id":4069,"name":"Camenzind Evolution 为聪明人做设计","seq":1,"isArticle":true},{"id":4105,"name":"中国设计在iF引导页","seq":3,"isArticle":true},{"id":4108,"name":"2014iF设计金奖——实修主义者谷腾","seq":4,"isArticle":true},{"id":4109,"name":"iF外围设计奖引导页","seq":5,"isArticle":true},{"id":4110,"name":"东方美感设计者——陈方晓","seq":6,"isArticle":true},{"id":4111,"name":"设计体验实操家——郦波","seq":7,"isArticle":true},{"id":4112,"name":"品质打造师——利旭恒","seq":8,"isArticle":true},{"id":4113,"name":"先锋理念组——罗灵杰+龙慧琪","seq":9,"isArticle":true},{"id":4011,"name":"东方一隅","seq":10,"isArticle":true},{"id":4062,"name":"竹韵世卫","seq":12,"isArticle":true},{"id":4076,"name":"生活家地板：益呼吸 除醛地板","seq":13,"isArticle":true}],"type":4},{"id":1485,"createTime":1396924312000,"updateTime":1396924312000,"name":"午后红茶","delete":false,"seq":9,"issueStructId":399,"isParent":true,"children":[{"id":4120,"name":"午后红茶引导页","seq":0,"isArticle":true},{"id":4106,"name":"影响女性的风水空间","seq":1,"isArticle":true},{"id":3992,"name":"明太斋的大画案","seq":3,"isArticle":true},{"id":4020,"name":"设计，应该是这样的","seq":5,"isArticle":true},{"id":4025,"name":"花朝","seq":6,"isArticle":true}],"type":4},{"id":1525,"createTime":1397791628000,"updateTime":1397791628000,"name":"品牌资讯","delete":false,"seq":10,"issueStructId":399,"isParent":true,"children":[{"id":4078,"name":"时尚生活资讯","seq":0,"isArticle":true}],"type":4},{"id":1513,"createTime":1397197023000,"updateTime":1397197023000,"name":"每期固定","delete":false,"seq":11,"issueStructId":399,"isParent":true,"children":[{"id":4114,"name":"PChouse家居杂志读者俱乐部","seq":0,"isArticle":true},{"id":4107,"name":"PChouse家居杂志最粉丝","seq":2,"isArticle":true},{"id":4028,"name":"PChouse家居杂志约稿函","seq":4,"isArticle":true},{"id":4153,"name":"翻阅ABB低压的20年时光","seq":5,"isArticle":true},{"id":4029,"name":"PChouse家居杂志 安卓版魅力驾到","seq":7,"isArticle":true},{"id":4102,"name":"PCLADY时尚杂志 青春无龄","seq":8,"isArticle":true},{"id":4121,"name":"PCauto汽车杂志5月刊","seq":9,"isArticle":true}],"type":4},{"id":1479,"createTime":1396584106000,"isDefault":true,"updateTime":1396584106000,"name":"封底","delete":false,"seq":2147483647,"issueStructId":399,"isParent":true,"children":[{"id":3981,"isDefault":true,"name":"封底","seq":0,"isArticle":true}],"type":5}],"deviceType":"1,2","version":25}